gene_name,log_fc,ave_expr,t,p_value,adj_p_val,b
TNF,7.89395256,5.893601891,7.616612487,4.54e-8,1.65e-7,8.656868516
HSPA6,6.873314286,5.820177319,5.787846135,4.35e-6,1.04e-5,4.12955551
DOCK4-AS1,6.851674888,1.53954322699999,3.968492913,5.11321999999999e-4,8.66072e-4,-0.17428953
CAPNS2,6.84647871799999,1.397438379,6.56024999,6.05e-7,1.72e-6,6.13164267799999
LINC00854,6.67253826,2.664994494,6.772466021,3.56e-7,1.06e-6,6.676155446
FCGR1CP,6.61718852,4.087217387,7.029997354,1.88e-7,5.97999999999999e-7,7.29053814
TLR1,6.44833095399999,6.223716357,12.93911276,8.39e-13,1e-11,19.29861778
PARP15,6.39990612299999,3.62253051,7.814320056,2.84e-8,1.08e-7,9.116161957
LOC100419170,6.285472979,3.60688902399999,3.78039495,8.32188e-4,0.001362648,-0.791330008
PTCRA,6.19180146,1.629719595,3.333572175,0.002593911,0.003915373,-1.711672489
ANKRD22,6.180246309,4.77705018,4.650662247,8.55e-5,1.63314e-4,1.263103753
FAM157A,6.164369582,0.748107802,5.535766276,8.37e-6,1.9e-5,3.680198478
TCTEX1D4,6.14335485799999,3.22948307,4.371668362,1.78148e-4,3.24427e-4,0.697246339
CLEC7A,6.082221487,7.077370805,10.04283839,2.05e-10,1.31e-9,13.8560916999999
NAIP,6.074909977,4.504903757,7.933800047,2.14e-8,8.36e-8,9.39153885
FAM157C,6.043034775,0.950137067,4.351464275,1.87858e-4,3.40909e-4,0.762075984
ACPP,6.023855654,2.163284769,5.645178884,6.29e-6,1.45999999999999e-5,3.94135558
FCGR2C,6.01374503299999,2.356648897,3.84125346899999,7.1117e-4,0.001178451,-0.56717457
NAPSB,5.995086204,4.888101741,2.710276703,0.011774362,0.01622949,-3.472171097
HELB,5.95289979399999,2.076551359,5.796284821,4.25e-6,1.01999999999999e-5,4.318217091
HAVCR1,5.928324501,1.987935484,6.19621162899999,1.52e-6,3.98e-6,5.294624288
TFEC,5.910968566,6.48083410299999,17.90664128,4.29e-16,1.48e-14,26.66285161
MMRN1,5.90625729399999,5.669428608,5.747796701,4.82e-6,1.15e-5,3.98665716
ANP32A-IT1,5.89919939,2.725320136,3.545347423,0.00151964299999999,0.002383913,-1.306038892
VENTX,5.877152221,2.398052899,5.464729605,1.01e-5,2.26e-5,3.488572256
TLR5,5.87150819299999,6.072736533,12.75278559,1.16e-12,1.34e-11,19.00130464
TMEM106A,5.863065627,6.073870076,12.12463676,3.58e-12,3.62e-11,17.90539267
LOC101927730,5.85961131399999,3.573522246,4.836314677,5.24e-5,1.03648e-4,1.831444549
IFNLR1,5.855841271,3.218522267,3.522875042,0.001608979,0.002511567,-1.41663759699999
TLR6,5.853432161,6.362518656,15.65979273,1.04e-14,2.18999999999999e-13,23.60597689
FAM177B,5.845093455,3.48707604899999,5.102424537,2.6e-5,5.42999999999999e-5,2.511597151
FCGR1A,5.84418593399999,4.931672195,7.520042626,5.71999999999999e-8,2.03e-7,8.40801248799999
C9orf66,5.83789727299999,2.804276286,7.14806489,1.41e-7,4.6e-7,7.570759551
BNC2,5.833330552,4.85157981,9.583983802,5.37e-10,3.09e-9,12.98652468
CDCP1,5.830299954,3.602237056,6.117028562,1.86e-6,4.8e-6,5.06822639
TNFSF18,5.823385335,1.948137225,2.549514474,0.0170646289999999,0.022933042,-3.466588893
TLR7,5.80850879999999,7.250803831,15.04586202,2.64e-14,4.93e-13,22.7760643999999
FCAR,5.804935082,3.33502823899999,3.842998114,7.07968999999999e-4,0.001173937,-0.655424971
TREML1,5.802778347,5.010996902,9.872721087,2.92e-10,1.8e-9,13.58315523
LINC01468,5.798019272,0.685469257,6.896803768,2.61e-7,8.04e-7,6.911437115
MS4A14,5.794055637,5.159909916,9.200271799,1.23e-9,6.45e-9,12.18247256
LOC148696,5.79332269299999,2.565779564,3.53691797899999,0.001552572,0.002430611,-1.319696657
PTGER4,5.77734597299999,4.95219787399999,5.552990651,8e-6,1.83e-5,3.543190521
CIITA,5.777086935,6.231016201,6.525498195,6.6e-7,1.87e-6,5.848938544
SIGLEC9,5.76309688399999,4.808952801,5.994120196,2.55e-6,6.39e-6,4.671448757
C2-AS1,5.753066283,0.836307425,6.800714466,3.32e-7,9.99e-7,6.697848562
TLR2,5.73663047,7.762871285,12.74190138,1.19e-12,1.35999999999999e-11,18.97522337
LOC105375218,5.734445392,2.740433163,4.513815042,1.22584e-4,2.28870999999999e-4,1.064003445
GPRIN3,5.729303776,5.278129289,6.77133778899999,3.57e-7,1.07e-6,6.59174013299999
TLR3,5.722459855,5.165353891,11.34958298,1.52e-11,1.32e-10,16.45964901
CELF2-AS1,5.71932655299999,3.587934637,3.215416548,0.003481891,0.005153299,-2.175596566
XIRP1,5.715491782,3.82381360399999,2.876627637,0.007947113,0.011205202,-3.01786205899999
KLHL6,5.712057976,6.306002423,10.4330334,9.23e-11,6.49e-10,14.70438573
SIGLEC14,5.702915138,5.719933723,6.644501246,4.9e-7,1.43e-6,6.22633208799999
TLR8,5.693448422,4.189709367,8.299859372,9.17e-9,3.92e-8,10.21956552
CLEC5A,5.688160896,1.576811389,2.538098739,0.017514062,0.0234959639999999,-3.465955346
DLEU7-AS1,5.681627091,3.568534628,5.86222201299999,3.59e-6,8.74e-6,4.428772936
SLC11A1,5.679255787,7.847178062,8.659020358,4.06e-9,1.88e-8,10.7476145
AS-PTPRE,5.666519005,0.888431735,5.099135197,2.62e-5,5.47e-5,2.606688386
HIST1H2BG,5.660155707,1.624800923,3.46384779199999,0.001868673,0.002885454,-1.426105689
SIRPB2,5.650593473,5.088504216,10.09897946,1.83e-10,1.19e-9,14.04428674
LOC100129083,5.648252647,5.857300225,9.305198123,9.76e-10,5.27e-9,12.38016108
SIGLEC7,5.644181657,2.547292749,4.268890497,2.33315e-4,4.17125e-4,0.454724788
CSF2RB,5.63483286,5.870404639,14.10551271,1.18e-13,1.76e-12,21.23529253
LOC101927069,5.6317144710000004,4.116834108,5.52254731,8.66e-6,1.96999999999999e-5,3.523800933
PTPRC,5.628531519,8.424677758,20.74210396,1.22e-17,8e-16,30.38171862
SCIN,5.627927774,6.16131834799999,3.958223641,5.25152e-4,8.87421e-4,-0.769089855999999
KIR3DX1,5.62247566399999,3.001769858,4.794318111,5.85999999999999e-5,1.14905e-4,1.759340532
ARRDC5,5.614366192,3.78498841199999,6.18064654,1.58e-6,4.13e-6,5.204367845
CD84,5.612041005,8.565244144,21.38203755,5.77e-18,4.45e-16,31.11349315
GPR65,5.603385453,3.83873935,4.484808789,1.32307999999999e-4,2.45757e-4,0.886324190999999
SLC37A2,5.587375303,6.17475928299999,9.09039647,1.56e-9,7.97e-9,11.88929039
TMEM236,5.58294751,3.64908240899999,3.04454294899999,0.005299353,0.007656212,-2.611820373
FGF20,5.582250019,2.768435044,6.434447166,8.31e-7,2.3e-6,5.867255807
MAMDC2,5.57281658899999,4.027227991,5.155710937,2.26e-5,4.77999999999999e-5,2.59565396
CCR5,5.559656217,3.681421067,4.624285812,9.15999999999999e-5,1.74172e-4,1.258553951
LINC01160,5.542118256,2.570349377,8.561015427,5.06e-9,2.29999999999999e-8,10.74010701
C9orf106,5.53102058,0.535378934,5.60784986,6.93e-6,1.6e-5,3.85690373699999
MSLN,5.518812155,4.26177633399999,6.681574079,4.46e-7,1.31e-6,6.416113436
F2RL1,5.50977077,3.418760315,6.581965276,5.73e-7,1.64e-6,6.214445807
LINC01410,5.507911935,3.733460106,5.536847832,8.34e-6,1.9e-5,3.595069161
TLR10,5.507078872,6.17284362,10.58992945,6.74e-11,4.9e-10,15.01487708
AANAT,5.504792752,3.91311366,5.98309523299999,2.63e-6,6.56e-6,4.705035323
FKSG29,5.503011634,-0.287082518,3.895014615,6.18768e-4,0.001033912,-0.329267313
HIST2H2AC,5.502587247,0.343209444,3.876989089,6.48351e-4,0.001080176,-0.38492727
RPGRIP1,5.502399401,2.80572126899999,5.277628691,1.64e-5,3.54999999999999e-5,2.991858679
TNFSF8,5.499895808,4.197371088,10.47843483,8.43e-11,5.99e-10,14.76071645
SIGLEC11,5.495875436,4.955210762,8.500990425,5.8e-9,2.6e-8,10.65167616
CXorf21,5.49174995299999,4.42826494,8.110552505,1.42e-8,5.76e-8,9.78763795299999
LOC102724323,5.485484634,1.817957953,8.427915942,6.85e-9,3.01e-8,10.3975893
FCGR1B,5.485428473,4.254054033,8.605901803,4.57e-9,2.09e-8,10.89748089
HPSE,5.467470517,5.279054358,4.504893602,1.25496e-4,2.3406e-4,0.759904407
LY75,5.46464002299999,5.888412426,13.56237198,2.89e-13,3.86e-12,20.36509996
CD180,5.463650358,5.227697759,9.30693608,9.72e-10,5.26e-9,12.40446501
ADAM28,5.459919062,8.666204119,18.76033554,1.39999999999999e-16,5.5e-15,27.98146487
IL10,5.454577978,1.660250614,3.977162447,4.99926e-4,8.48287e-4,-0.216733793
FRRS1,5.438475162,1.80282678699999,3.117379693,0.00443459,0.00647606,-2.270633779
CMKLR1,5.436804762,6.15397969299999,10.00304741,2.23e-10,1.40999999999999e-9,13.83330135
IGSF6,5.42274077299999,5.617435756,11.18638992,2.08999999999999e-11,1.75e-10,16.17979885
S100Z,5.398837036,1.97811066099999,7.975836749,1.94e-8,7.65e-8,9.435259882
LINC01907,5.397817765,1.99404741199999,5.762918419,4.64e-6,1.11e-5,4.227088542
CLEC17A,5.397573958,3.77485326199999,4.7249579,7.03e-5,1.36142e-4,1.486411441
REL,5.395495104,7.019577146,9.742004766,3.83999999999999e-10,2.28999999999999e-9,13.2062327
MRC1,5.394280204,7.419007558,6.28172781,1.22e-6,3.27e-6,5.092005445
ITGAL,5.363447803,6.524182174,9.725970169,3.96999999999999e-10,2.36e-9,13.19470353
MS4A6A,5.355445775,4.007589873,2.258050058,0.032610706,0.0421149679999999,-4.352527206
RUNX1,5.35164518,7.758227747,18.52166043,1.89999999999999e-16,7.25999999999999e-15,27.66225774
CCL3L1,5.349934666,7.669627505,7.01511604799999,1.95e-7,6.17e-7,6.79188244299999
LILRB1,5.342484754,6.27004775,14.31582151,8.36e-14,1.31e-12,21.61769712
EBLN2,5.33911934399999,1.997357164,6.637478415,4.97999999999999e-7,1.45e-6,6.358354932
C20orf197,5.333298716,3.290517508,6.891901802,2.64e-7,8.13e-7,6.959997844
PDCD1LG2,5.328496155,3.388865696,8.802661587,2.93999999999999e-9,1.40999999999999e-8,11.31311215
BMF,5.316754319,4.872646746,5.890496213,3.33e-6,8.18e-6,4.376260348
LINC00264,5.315922972,1.82623349699999,7.455725976,6.68e-8,2.33999999999999e-7,8.260935403
ANKRD36BP1,5.314856592,4.25517371199999,5.39722676799999,1.2e-5,2.66e-5,3.17803044399999
CCL4,5.313935873,6.87051301299999,5.737685039,4.95e-6,1.17e-5,3.640564659
RGS1,5.311291735,9.122604086,8.163890001,1.26e-8,5.17e-8,9.499180961
TMEM150B,5.309132005,0.729209911,6.257843176,1.3e-6,3.46e-6,5.430002751
SPTLC3,5.305666133,3.879727375,8.754475738,3.27999999999999e-9,1.55e-8,11.21787536
RAB39A,5.302271955,3.372651325,7.1615715,1.36e-7,4.47e-7,7.60478877299999
HSPA7,5.299689065,3.436079214,3.93318295199999,5.60441e-4,9.42908e-4,-0.490655819
CCL3,5.297950716,7.57161143299999,6.82749148,3.1e-7,9.41e-7,6.32834543799999
FCGR3B,5.29767276,1.912613286,3.275166961,0.00300139,0.004486948,-1.94432598699999
SIGLEC16,5.297323515,1.705970829,9.244675519,1.11e-9,5.92e-9,12.08531314
SPN,5.297055908,5.363105789,8.794019111,3e-9,1.44e-8,11.27870717
CCR1,5.292865007,7.13646023299999,12.22372914,2.99e-12,3.09999999999999e-11,18.0540539
CD300LB,5.289814268,1.873982505,5.813370411,4.07e-6,9.81e-6,4.353609963
LINC01909,5.288713716,2.316610428,6.658484163,4.72999999999999e-7,1.38e-6,6.411234936
LOC101929331,5.287381402,2.581158588,8.209529539,1.12999999999999e-8,4.71e-8,9.985554355
ANKRD44-IT1,5.283260498,0.601139483,4.763435947,6.35e-5,1.23934e-4,1.77739665
RUNX2,5.280995363,6.423294755,12.50949754,1.79e-12,1.94e-11,18.60082416
RHOH,5.280760675,2.853696375,6.253079844,1.32e-6,3.49e-6,5.415348737
TAGAP,5.279404016,6.62327016,12.36142384,2.33e-12,2.48e-11,18.32974408
CLEC19A,5.274816083,2.383989415,3.98090417699999,4.95085e-4,8.40768999999999e-4,-0.271144523
DAPP1,5.274564745,4.144506463,10.37738888,1.03e-10,7.16e-10,14.57442802
ADAMTSL4-AS1,5.260903185,2.296517276,4.239375484,2.52083e-4,4.47815999999999e-4,0.389724131
CD69,5.258429602,3.35773883899999,2.945434361,0.00673774099999999,0.009599038,-2.844520521
ATP8B4,5.255423847,7.057554595,20.96530844,9.35e-18,6.43e-16,30.5347722
LINC01480,5.249454275,3.544812626,6.49804951,7.07e-7,1.99e-6,5.992610592
OSM,5.244638925,4.63845729699999,4.503746959,1.25876e-4,2.34695999999999e-4,0.806755429
TMEM154,5.238343459,3.63570077899999,8.674357573,3.92e-9,1.82e-8,11.04451396
HIST2H2AB,5.236784711,-0.288672712,3.32994530399999,0.002617575,0.00395060799999999,-1.660467207
C5AR2,5.236583875,3.700007022,6.911151472,2.52e-7,7.78e-7,6.994018078
ZFPM2-AS1,5.236520226,0.88248058,6.03080825799999,2.32e-6,5.87e-6,4.888811938
CD300LF,5.232600651,3.294293125,3.964704538,5.16382e-4,8.738e-4,-0.396034492
IL1A,5.229824706,3.75100069399999,4.14467695399999,3.22995e-4,5.64576e-4,-0.002153568
TBC1D3P1-DHX40P1,5.226063238,2.892635573,9.991069233,2.28e-10,1.44e-9,13.69071604
CD300C,5.218983218,3.718178106,10.62443347,6.29e-11,4.63e-10,15.02006873
LOC729737,5.204049516,6.052018647,10.91588616,3.53e-11,2.8e-10,15.65300091
KCNJ5,5.18888491,3.709709235,3.122571311,0.004378411,0.006400856,-2.466588759
RIPK3,5.184505497,4.15669188,15.99413625,6.3e-15,1.42e-13,23.69821129
PTGER4P2-CDK2AP2P2,5.175130954,2.961994956,4.743298838,6.7e-5,1.30335e-4,1.60942444699999
WDFY4,5.166226985,7.481072779,16.9488183999999,1.59e-15,4.54e-14,25.56135177
C5orf58,5.158672092,3.482701651,6.335483722,1.07e-6,2.89e-6,5.58854900799999
B3GNT5,5.15848001,7.975067563,16.5581109,2.78e-15,7.26e-14,25.00884459
CTLA4,5.155522307,2.119010006,7.17180322,1.33e-7,4.37e-7,7.626050005
PTAFR,5.152905056,7.62529471899999,12.18237247,3.22999999999999e-12,3.3e-11,17.93275644
ADGRE2,5.148524906,4.44330413,3.32102762899999,0.002676651,0.004035314,-2.11935174
CYBB,5.147815286,9.32464773,19.91687009,3.27e-17,1.68999999999999e-15,29.42320834
GPR34,5.146637064,8.812440654,15.15621042,2.23e-14,4.26e-13,22.91045842
SERPINB9P1,5.144853822,3.260973452,4.848963464,5.07e-5,1.00412999999999e-4,1.853022826
CACNA2D4,5.144566983,3.54240092,8.153782994,1.28e-8,5.26999999999999e-8,9.89193451299999
CD226,5.142848575,3.23985549699999,7.00434015,2e-7,6.31e-7,7.225866278
ARL11,5.14250757199999,3.48933501,11.17153796,2.15e-11,1.79e-10,16.02328588
NABP1,5.142202159,5.815908379,10.80016939,4.43e-11,3.40999999999999e-10,15.43480667
PIK3CG,5.138480427,5.918049364,11.78558822,6.7e-12,6.28e-11,17.30018746
LOC100506142,5.134522994,1.967893575,5.938611108,2.94e-6,7.28e-6,4.661447569
GPR84,5.131453078,3.067466017,4.099059265,3.63879e-4,6.31373e-4,-0.041057732
PSTPIP2,5.128057696,4.015287531,5.83630779799999,3.83e-6,9.29e-6,4.305409208
ALPK1,5.117124587,6.022186016,16.58718144,2.66e-15,7.09e-14,24.95331479
LILRA2,5.116671016,5.113470313,8.77793346799999,3.11e-9,1.48e-8,11.24738909
SCIMP,5.111482871,4.49720409,6.93007707,2.41e-7,7.47e-7,6.988758719
CCL3L3,5.107224049,6.489464147,5.04681674899999,3.01e-5,6.21e-5,1.87108323
HIST2H2BF,5.104415984,-0.191057885,5.259023255,1.71999999999999e-5,3.72e-5,3.003587246
CD86,5.083840746,7.031798851,16.26682439,4.23e-15,1.03e-13,24.59263881
SP140,5.070727041,3.743192317,9.16276274799999,1.33e-9,6.92e-9,12.09366085
TMEM156,5.062623608,5.630419889,7.217140302,1.19e-7,3.95e-7,7.567069896
RNASE2,5.051547967,2.219711572,3.824460422,7.4272e-4,0.001226106,-0.66677441
PIK3R5,5.050224508,7.38186234899999,20.25945569,2.16e-17,1.27e-15,29.79005655
PLBD1,5.046294741,3.923522408,6.727003292,3.98e-7,1.18e-6,6.522634008
LOC101928304,5.044550415,2.749220462,4.579545377,1.03105e-4,1.9451e-4,1.176949303
ITGB3,5.038768355,4.205200662,5.337730373,1.4e-5,3.07e-5,2.999568096
TTN-AS1,5.031402833,2.768348108,6.59331749899999,5.57e-7,1.6e-6,6.247051087
SERPINA1,5.028286586,6.69929763799999,9.277631944,1.04e-9,5.56e-9,12.17456584
DPRXP4,5.021362088,2.178825276,5.88274946799999,3.4e-6,8.33e-6,4.51449384
TRPC2,5.020256955,1.049463842,6.14037411,1.75e-6,4.54e-6,5.156934863
SLFN12,5.016303129,2.844158496,7.248995623,1.1e-7,3.67999999999999e-7,7.812254755
FPR2,5.013628731,1.475807387,3.225158788,0.003398783,0.005038784,-2.023739252
SUCNR1,5.011620613,4.493046699,6.24119557799999,1.36e-6,3.59e-6,5.280171935
LINC00578,5.005592919,1.203450424,3.135114272,0.004245482,0.00621687,-2.209846067
MB21D1,5.003340745,3.485689186,8.597405067,4.66e-9,2.13e-8,10.87462417
RBM47,5.00301043699999,6.176174937,14.58781233,5.41e-14,9.07e-13,22.05171837
DOCK11,5.001728155,6.117845837,13.92377438,1.58e-13,2.31e-12,20.98737705
MS4A7,4.99525304,7.649376629,14.27597137,8.92e-14,1.38e-12,21.54529957
PIK3R6,4.989194769,5.006578097,10.37136938,1.05e-10,7.23e-10,14.5947921
APOC4,4.98804990399999,0.612553601,8.170154104,1.24e-8,5.11e-8,9.756827846
ACSM5,4.984118011,5.395259742,9.76150056,3.69e-10,2.21e-9,13.34794652
SAMSN1,4.98358357899999,6.874065074,16.19639004,4.67999999999999e-15,1.11999999999999e-13,24.48822239
C3AR1,4.980890027,8.377902486,15.99691248,6.27e-15,1.42e-13,24.18506476
PLXDC2,4.980344464,9.64042841299999,23.76490159,4.27e-19,5.77e-17,33.69006245
OCLM,4.97066909,0.602624854,4.956685131,3.82e-5,7.72e-5,2.251185008
SFT2D2,4.970103918,2.981373928,5.580401359,7.45e-6,1.71e-5,3.7137998
ARL5C,4.965602926,1.216306595,4.645379767,8.66999999999999e-5,1.65474e-4,1.459447164
CEACAM21,4.96297615199999,3.745398867,11.48956373,1.17e-11,1.03999999999999e-10,16.65093565
ELF4,4.960154329,5.597358734,18.12087124,3.22e-16,1.14e-14,26.88942706
FCGR2A,4.95221440399999,7.083634626,12.10098247,3.74e-12,3.76e-11,17.81133643
DOCK8,4.948254953,8.692671906,18.84264963,1.26e-16,5.04e-15,28.08819261
C16orf54,4.946569473,3.678324263,7.66062298,4.08999999999999e-8,1.5e-7,8.759761147
LAIR1,4.940951656,7.884674087,19.26601334,7.33e-17,3.18999999999999e-15,28.61596734
AOAH,4.94089235899999,6.85298949,12.04133679,4.17e-12,4.13e-11,17.71567758
MS4A4A,4.934058824,4.2817319289999904,4.173557257,2.99497e-4,5.25744e-4,0.009404548
SLC16A5,4.929384873,3.80567888,10.81537355,4.3e-11,3.32e-10,15.4018529
CPED1,4.92881411,5.895381143,8.220099839,1.1e-8,4.61e-8,9.91514842
IL1RN,4.923916288,3.024402752,3.274873558,0.003003585,0.004488593,-2.07779851
CLDN7,4.923799031,2.877728971,4.988951161,3.51e-5,7.14e-5,2.226151059
CPVL,4.922709079,6.668428806,10.10989897,1.78e-10,1.16999999999999e-9,13.94967649
FPR1,4.918884304,7.751922228,10.19316271,1.5e-10,1e-9,14.0244711
SNX20,4.918872318,3.45014460899999,5.085275056,2.72e-5,5.67e-5,2.407709244
CCL4L2,4.912572127,8.117338743,6.295403882,1.18e-6,3.17e-6,4.909498426
SYTL3,4.911211335,3.807246449,8.021948322,1.75e-8,6.92999999999999e-8,9.59041227
PLAG1,4.906372792,5.316687578,10.5460830999999,7.34999999999999e-11,5.32e-10,14.9401954
BTK,4.905654955,6.136511756,18.19146529,2.93e-16,1.05e-14,27.12656502
ALOX5,4.904468533,7.205247952,17.73986369,5.36e-16,1.76e-14,26.63763308
SAMD9,4.902877294,5.197544492,8.370959783,7.8e-9,3.38e-8,10.3256082
HLA-DRB5,4.900870285,5.600643266,3.895087968,6.1865e-4,0.001033912,-0.954003342
BTBD19,4.897891777,4.549088247,5.166732944,2.2e-5,4.65e-5,2.519944894
FGD2,4.897128526,8.402711761,16.84733876,1.84e-15,5.17e-14,25.41299433
LOC100506691,4.89700199,0.681489786,9.385552935,8.21e-10,4.52e-9,12.23306956
OR52N4,4.89674997,1.190674716,5.332969765,1.42e-5,3.11e-5,3.171041308
CD33,4.89323861399999,4.676560775,9.901747358,2.75e-10,1.7e-9,13.64680782
CCL4L1,4.89185255,7.870032691,6.12061729,1.85e-6,4.76e-6,4.474287699
ABCB4,4.881548573,3.40512971,8.479024141,6.09e-9,2.71e-8,10.61473826
DIP2A-IT1,4.881391644,-0.06981367,5.652399554,6.18e-6,1.44e-5,3.963876889
GHRL,4.874162667,2.858610796,6.213052692,1.46e-6,3.83e-6,5.311181488
GAB3,4.860947352,6.575988726,23.5571621,5.3e-19,6.65999999999999e-17,33.21949538
ANKRD18DP,4.858987375,2.663404102,5.489342325,9.44e-6,2.13e-5,3.505956815
PARVG,4.856807043,7.369605334,18.1452873999999,3.12e-16,1.11e-14,27.17921639
MNDA,4.847457603,6.15082335799999,9.595685117,5.23e-10,3.03e-9,12.91482196
SIGLEC8,4.844117361,8.270682358,11.86293798,5.8e-12,5.54e-11,17.29926101
HLA-DMB,4.843076082,6.97673848,7.524627436,5.66e-8,2.01e-7,8.084562245
COL8A2,4.83601325,6.309286579,13.70024149,2.29e-13,3.18e-12,20.63396629
CTSC,4.834826265,7.628764134,16.19155499,4.72e-15,1.11999999999999e-13,24.48137855
MSR1,4.834774294,6.09452750299999,6.397713699,9.10999999999999e-7,2.5e-6,5.477395061
PLA2G7,4.834385955,3.78124141899999,4.095769004,3.67018e-4,6.36370999999999e-4,-0.157521899
CATIP-AS1,4.833279212,0.874200810999999,7.983860408,1.91e-8,7.52e-8,9.390860943
C19orf35,4.832763516,3.126347429,5.872534063,3.49e-6,8.54e-6,4.448659262
FGL1,4.831310878,3.071032812,4.87158216,4.77999999999999e-5,9.51e-5,1.90397724
SIGLEC10,4.830553022,8.482708844,14.35094999,7.9e-14,1.25e-12,21.6336768999999
LILRA1,4.829009208,4.887615106,10.26972816,1.29e-10,8.71e-10,14.39167191
EGR2,4.824734065,7.22466094,5.360658376,1.32e-5,2.91e-5,2.551990626
RNASE3,4.82188951399999,0.313769858,3.304858286,0.002787069,0.00418741099999999,-1.759962793
PSMD6-AS2,4.820211502,2.606687752,6.194771681,1.53e-6,3.99e-6,5.274936415
CYSLTR1,4.818260394,3.999031964,5.812285524,4.08e-6,9.83e-6,4.22057713899999
HAVCR2,4.81737972399999,7.986664795,18.28120861,2.61e-16,9.57e-15,27.36259313
ZNF121,4.813514774,3.366978391,5.13318142,2.4e-5,5.05e-5,2.558681288
IL10RA,4.809240755,7.60749308799999,15.73121985,9.3e-15,1.98999999999999e-13,23.80158441
LPCAT2,4.806958886,8.414072332,15.53519037,1.25e-14,2.57e-13,23.49037349
ZNF321P,4.806725634,2.726265051,7.131394242,1.47e-7,4.77e-7,7.533941471
DOCK2,4.798837653,7.451549331,18.83001138,1.28e-16,5.1e-15,28.06240993
LOC153684,4.794772241,2.971650222,6.130719552,1.8e-6,4.65e-6,5.09300086
VSIG4,4.792426249,8.623739383,12.00442038,4.46999999999999e-12,4.37999999999999e-11,17.55573868
CD274,4.788088198,4.434681813,5.839489446,3.8e-6,9.22e-6,4.251866676
LOC101929798,4.787616006,0.443276114,4.019404816,4.47883e-4,7.66109e-4,-0.0637582959999999
TIGD4,4.786593924,2.991173917,5.581183552,7.43e-6,1.7e-5,3.714407701
IL18,4.7861184980000004,5.778418723,10.48182204,8.37e-11,5.95e-10,14.78088384
PCED1B-AS1,4.78388748699999,4.152540759,14.97957079,2.93e-14,5.36e-13,22.35503073
TNFRSF10C,4.7749657150000004,2.181183729,6.897714129,2.61e-7,8.02e-7,6.982373791
CYTIP,4.771597969,4.144335576,10.05929976,1.98e-10,1.28e-9,13.96181609
NFATC2,4.770385831,6.65556953299999,16.35877709,3.7e-15,9.21e-14,24.72006987
CCRL2,4.769330335,2.981015618,4.92065795,4.2e-5,8.43e-5,2.02835881
STAB1,4.768984931,10.14908526,20.0988611999999,2.62e-17,1.46e-15,29.64115384
BLNK,4.768912513,6.216554536,9.29250524299999,1e-9,5.41e-9,12.24890561
PLEK,4.764159759,7.1852055089999904,14.11791586,1.15e-13,1.73e-12,21.2921366
LRP1-AS,4.75534569,1.76872936599999,4.669232729,8.14e-5,1.56129e-4,1.483598701
MICB,4.754659931,3.19918878,10.6804186999999,5.62e-11,4.21e-10,15.10067856
LRRC25,4.75154572,5.54288694299999,11.20662771,2.01e-11,1.68e-10,16.21582111
TGFBR1,4.74893718,8.597644771,14.97225699,2.96e-14,5.41e-13,22.6193915
MIS18BP1,4.74739173899999,6.74162610899999,10.98780239,3.07e-11,2.47e-10,15.71691826
RGS18,4.742412909,4.764625025,8.119574689,1.38999999999999e-8,5.65e-8,9.767159838
LOC101929117,4.733003121,-0.577008954,5.10070951,2.61e-5,5.45e-5,2.615910773
EBI3,4.716953522,5.807894125,12.63402312,1.43e-12,1.61e-11,18.82180319
TNFRSF13C,4.713857577,4.349434953,4.69321631,7.64e-5,1.4716e-4,1.286696674
TMC8,4.709370998,7.434028756,14.60104516,5.3e-14,8.94e-13,22.05951591
GPR183,4.705167853,6.419482919,7.72266581,3.53e-8,1.31e-7,8.643524897
HIST2H2BA,4.70255048,0.795049137,7.166028856,1.35e-7,4.42e-7,7.572290091
MILR1,4.700284327,5.947575146,16.28424652,4.12e-15,1.01e-13,24.56901569
HLA-DOA,4.700147807,5.533884381,3.425613199,0.002058163,0.00315390099999999,-2.131488462
NCF4,4.69977077699999,5.741245105,11.22778481,1.93e-11,1.61999999999999e-10,16.24588461
APOBR,4.69879900199999,4.000521151,4.932702312,4.07e-5,8.19e-5,1.945210799
MPEG1,4.695600232,7.389190366,13.92027239,1.59e-13,2.32e-12,20.95793848
LOC101928429,4.6954522,2.994858693,7.686175791,3.85e-8,1.42e-7,8.828194841
C3,4.690745526,12.2809324,15.6192076,1.1e-14,2.3e-13,23.64104065
ZNF816-ZNF321P,4.690550848,2.861744286,7.583850357,4.91e-8,1.76999999999999e-7,8.592084129
RASGRP4,4.689201282,5.328460661,13.76495397,2.06e-13,2.89e-12,20.70862048
IL6R,4.686314626,8.013475285,27.22102973,1.45e-20,4.25e-18,36.92029561
C2,4.684580775,7.143558705,12.96125622,8.07e-13,9.69e-12,19.33567525
ADORA3,4.68109588399999,7.385407446,13.46903309,3.37999999999999e-13,4.45e-12,20.19892871
SP140L,4.676319686,4.609739894,14.40649686,7.23e-14,1.16e-12,21.60563069
NFAM1,4.672939751,6.507253528,17.86448264,4.53e-16,1.55e-14,26.77617926
LILRB4,4.671455097,8.402177583,17.66480748,5.94e-16,1.92e-14,26.54024134
BMP2K,4.670695745,7.28674503799999,15.40438294,1.52e-14,3.09e-13,23.31667952
NCKAP1L,4.670231421,8.026445122,20.59785556,1.44e-17,9.09e-16,30.22835973
CARD11,4.662873037,6.412517369,11.75379185,7.11e-12,6.64e-11,17.20567442
FAM60A,4.662830765,3.896676085,8.419413597,6.97999999999999e-9,3.06e-8,10.4824766
TNFRSF11A,4.66280199,4.607311253,5.537697248,8.32e-6,1.89e-5,3.464839649
MASCRNA,4.65808674,2.380505079,3.775945469,8.41788999999999e-4,0.001376527,-0.810646527
SLC2A5,4.656644261,9.27820445,16.14084401,5.08e-15,1.19e-13,24.38765133
IKZF1,4.656540076,7.402010542,17.35791369,9.02999999999999e-16,2.81e-14,26.12713634
SH3TC1,4.655843833,8.158049642,12.12253546,3.6e-12,3.62999999999999e-11,17.78018629
RAB38,4.653823655,1.461360995,9.116519224,1.46999999999999e-9,7.58e-9,11.84758233
USP6,4.64619349399999,4.036210808,5.659009279,6.07e-6,1.42e-5,3.817072096
VAV1,4.64569028,6.382840811,14.94469163,3.09e-14,5.58999999999999e-13,22.62073419
GAPT,4.643253154,1.660621851,3.406422913,0.002160171,0.00330281099999999,-1.63076229
BCL2A1,4.629765857,2.716184911,2.678830076,0.012669835,0.017380052,-3.40579337699999
IL12RB1,4.628308363,3.836960968,9.290376039,1.01e-9,5.43e-9,12.37320533
M1AP,4.62505158,3.982439038,5.131426001,2.41e-5,5.07e-5,2.467387495
ITGB2-AS1,4.621191155,5.812948982,7.507910901,5.89e-8,2.08999999999999e-7,8.206130502
NRROS,4.616255607,6.568129606,19.20836747,7.89e-17,3.42e-15,28.48195335
TRAF3IP3,4.613459259,4.50437782,8.34776194,8.22e-9,3.54e-8,10.29994742
FCGR3A,4.613074656,7.914503112,8.771124912,3.16e-9,1.5e-8,10.91122354
STK26,4.612752586,3.009098443,8.701507922,3.69e-9,1.73e-8,11.09865282
MYO7A,4.612141414,6.61116847399999,10.66143212,5.84e-11,4.34e-10,15.08886585
CSF1R,4.60760413899999,11.5975748,17.13309852,1.23e-15,3.67e-14,25.81799176
TNFRSF10A,4.60561457,2.344816133,7.443409582,6.88e-8,2.4e-7,8.265440887
DDX60L,4.601808729,6.192963505,9.418482587,7.63999999999999e-10,4.25e-9,12.52333913
SLC7A7,4.599294253,6.724764573,15.77235387,8.75e-15,1.9e-13,23.87191507
ACKR2,4.59880809,4.246645675,7.74823129,3.32e-8,1.24e-7,8.931115726
MKNK1-AS1,4.598573274,5.196671304,12.03397564,4.23e-12,4.17999999999999e-11,17.74478938
ZNF90,4.595947987,2.762405612,6.299859849,1.17e-6,3.14e-6,5.511523406
CD300A,4.59553857899999,6.461427791,15.14205652,2.27e-14,4.32e-13,22.92407918
PTGS1,4.5922995,7.664276291,14.88734876,3.38e-14,6.04e-13,22.50184891
SLC2A9,4.592129614,2.460755516,7.266813246,1.05e-7,3.53e-7,7.854113022
ADPGK-AS1,4.590490621,3.20479009,8.657638183,4.07e-9,1.89e-8,11.00766942
SLC1A5,4.582301189,7.075624003,10.26773957,1.29e-10,8.74e-10,14.21278798
ITGAX,4.573962276,9.528444732,15.83101749,8.02e-15,1.76e-13,23.92895991
NFKBIZ,4.567081563,6.575332891,10.83681412,4.12e-11,3.2e-10,15.43272832
CASS4,4.565082681,5.126778803,7.610178985,4.61e-8,1.68e-7,8.540104437
CTSS,4.563904691,7.941345049,17.8138291,4.85e-16,1.65e-14,26.74317455
TRIM34,4.554266858,4.18247227399999,10.85092064,4.01e-11,3.12e-10,15.52086903
RHBDF2,4.551780702,9.337519033,16.60771619,2.59e-15,6.93e-14,25.06455357
SRGAP2B,4.549809578,4.369408523,6.042573167,2.25e-6,5.71e-6,4.752072749
LINC01176,4.548552291,3.906816122,8.000215455,1.84e-8,7.25e-8,9.530143664
CH25H,4.545152292,8.431100407,7.364795725,8.31e-8,2.85e-7,7.564716301
LPAR6,4.543257451,8.008053487,15.50353168,1.31e-14,2.68e-13,23.44612204
TBXAS1,4.536828508,7.762700794,14.99200093,2.87e-14,5.28e-13,22.66111174
ST8SIA4,4.536404077,6.864979754,20.89778437,1.00999999999999e-17,6.92e-16,30.5075257
ITGA9,4.535579101,4.27076466,5.638902305,6.4e-6,1.49e-5,3.757117071
BMS1P4,4.532776999,3.32858945,7.10203773,1.58e-7,5.1e-7,7.44696384799999
ITGAM,4.523133133,8.28315858,18.73502346,1.44e-16,5.61e-15,27.95059726
CISH,4.520985895,3.196714734,4.21454819,2.69024e-4,4.75439e-4,0.185244641
CEP295NL,4.5205680600000004,1.912656698,4.663294389,8.27e-5,1.58436e-4,1.446176299
PLA2G4A,4.519387892,5.025240037,9.890090639,2.82e-10,1.73999999999999e-9,13.61415133
PRAM1,4.516148084,5.966139295,9.548926314,5.78e-10,3.3e-9,12.80216868
EMB,4.5083302,6.018593169,10.02447958,2.13e-10,1.36e-9,13.81770879
ADGRG5,4.50830259899999,3.087043475,3.854668515,6.86916e-4,0.00114071899999999,-0.702597270999999
ADCY7,4.506945109,8.569880409,22.35407757,1.94e-18,1.83e-16,32.21415463
NUAK2,4.505939373,3.753132526,3.452264803,0.001924213,0.002965632,-1.756407669
MAP3K8,4.505714612,5.817832729,10.96722716,3.18999999999999e-11,2.56e-10,15.73968484
RBM12B-AS1,4.500802659,0.597289886,6.009300257,2.45e-6,6.17e-6,4.838293834
IRAK3,4.494879111,7.45504676399999,10.2314849,1.38999999999999e-10,9.3e-10,14.11676063
PIK3AP1,4.48433646,7.07174321299999,16.16599939,4.89e-15,1.15999999999999e-13,24.44694009
LOC101928517,4.483559624,1.436662151,3.99947485899999,4.71735e-4,8.04001e-4,-0.191298391999999
TOR4A,4.48327077699999,5.764110981,14.36924754,7.67e-14,1.22e-12,21.70571317
TRIM6-TRIM34,4.480750179,4.262596026,11.71093018,7.7e-12,7.15999999999999e-11,17.12726202
ADRB2,4.474871604,6.326658991,10.52198705,7.72e-11,5.53999999999999e-10,14.81312548
PATL2,4.46379425,2.03596917,6.187207962,1.56e-6,4.06e-6,5.257908677
LOC102724297,4.462040914,2.258656844,6.098891836,1.95e-6,5.01e-6,5.033071975
ITGB2,4.461356988,9.305641971,14.9822125,2.91e-14,5.34e-13,22.62844795
P2RY6,4.457029236,4.20886672899999,6.3600089,1e-6,2.74e-6,5.567365701
NRIR,4.451339905,1.359693714,4.703032755,7.45e-5,1.4374e-4,1.56917226099999
LINC01268,4.449857209,5.696030402,10.68055331,5.62e-11,4.21e-10,15.17974746
FCGBP,4.447506651,7.919933305,7.392793412,7.77e-8,2.68e-7,7.662358589
CD14,4.447342406,8.448976977,9.293433332,1e-9,5.4e-9,12.05092216
C10orf55,4.444919658,1.737146101,3.36580507,0.002392498,0.003630954,-1.731843746
LINC00671,4.443124007,2.050435224,2.266137278,0.032045162,0.04143138,-4.144648846
RNVU1-15,4.442215252,-0.56567785,4.789720126,5.93e-5,1.16139e-4,1.851175209
RASSF1-AS1,4.440534239,2.431022328,8.665568421,4e-9,1.85e-8,10.99775371
TAL1,4.439647116,7.98676728,12.26409164,2.78e-12,2.9099999999999998e-11,18.03402921
TMPPE,4.438550057,3.164907655,4.707819875,7.35e-5,1.42072e-4,1.452651335
NCF2,4.437562017,5.6745389,9.586730601,5.34e-10,3.07e-9,12.92333381
GPR132,4.43718677,5.437875357,12.88681291,9.19e-13,1.09e-11,19.25659543
BIN2,4.434283934,7.320157103,14.71156164,4.45e-14,7.7e-13,22.23195132
ERN1,4.428926864,2.891184585,8.596264261,4.67e-9,2.14e-8,10.86808684
KCNK6,4.427403566,4.443849185,9.23190454,1.14e-9,6.06e-9,12.24608587
DIAPH2,4.42663861,5.010941563,7.78533423,3.04e-8,1.15e-7,8.970419558
RNVU1-14,4.426173841,-0.48838626,5.008869194,3.32999999999999e-5,6.80999999999999e-5,2.389627885
LOC101927954,4.423889663,3.025263595,9.533790891,5.97e-10,3.38999999999999e-9,12.85363148
KCNK13,4.422515376,4.45913541399999,8.212925053,1.12e-8,4.67999999999999e-8,9.991603557
ZNF124,4.42225463,3.946042752,10.01470613,2.17e-10,1.38e-9,13.87150239
HHEX,4.419819153,5.52747912799999,10.5264503,7.65e-11,5.51e-10,14.87505406
LPAR5,4.418188661,8.108211134,15.39278071,1.55e-14,3.12e-13,23.27019098
PRRG4,4.417616823,5.44126262299999,5.011061335,3.31e-5,6.77e-5,1.915738011
ARHGAP25,4.41685004,6.299554632,16.79178976,1.99e-15,5.5e-14,25.32869198
OTUD1,4.414389855,8.21900237899999,11.78988291,6.64e-12,6.24e-11,17.14479326
PLCB2,4.405012934,9.113298639,18.4918656,1.98e-16,7.51e-15,27.63568413
NCF1,4.404014856,2.180035743,7.760502507,3.23e-8,1.20999999999999e-7,8.995718166
IRF5,4.403768118,7.524331569,18.25044593,2.71e-16,9.93e-15,27.32177894
THEMIS2,4.395590357,6.817865819,9.939682071,2.54e-10,1.58e-9,13.53286857
LINC01150,4.393373162,1.977391717,10.05459768,2e-10,1.29e-9,13.80208131
KBTBD12,4.391069278,5.934627569,9.529172071,6.03e-10,3.42e-9,12.79026121
SOCS6,4.39033797399999,8.550615774,18.61939215,1.67e-16,6.44e-15,27.80131442
CYTH4,4.388691793,7.919424246,17.28472124,9.99e-16,3.06e-14,26.02192938
LOC399715,4.38751154,3.209515399,5.383376472,1.25e-5,2.75e-5,3.166344326
ERP27,4.387111973,1.979456466,8.917300891,2.28e-9,1.12e-8,11.51248783
LOC105369438,4.38172467,2.557913396,7.35127830799999,8.59e-8,2.93e-7,8.050807376
IKBIP,4.378519298,3.381636288,9.906983545,2.72e-10,1.68e-9,13.63470398
OLFML2B,4.37556863399999,5.83057698399999,9.159179339,1.34e-9,6.95999999999999e-9,11.97264354
LOC100507006,4.375296116,4.514826955,6.486876996,7.28e-7,2.04e-6,5.839992097
ABCC4,4.374866281,6.922293027,13.56853504,2.86e-13,3.83e-12,20.38414403
SIGLEC5,4.372016754,2.976007249,5.10696320399999,2.57e-5,5.37999999999999e-5,2.47478490199999
EVI2B,4.370691755,6.891264185,11.46795748,1.21999999999999e-11,1.08e-10,16.59437985
TRIM38,4.370256454,7.09123959,21.66410007,4.19e-18,3.43e-16,31.40865181
HIST1H3D,4.36891830699999,0.679595963,4.046882732,4.16939e-4,7.16466e-4,-0.024191262
UHRF1,4.368525167,3.083296891,6.391072358,9.27e-7,2.54e-6,5.71621027
C11orf45,4.36688273899999,3.954346645,11.0726255999999,2.59999999999999e-11,2.13e-10,15.9295622
PLVAP,4.366137331,6.978559731,15.15119879,2.24e-14,4.27e-13,22.92814173
TFCP2L1,4.364432333,5.11913147,6.821805594,3.15e-7,9.52e-7,6.61532300399999
SLCO2B1,4.362978661,10.86523708,19.57421915,4.99e-17,2.32e-15,28.99714991
RASAL3,4.362847995,7.07026933799999,13.21675299,5.19e-13,6.53e-12,19.76726811
LOC101929719,4.361756533,0.173219606,5.895720526,3.29e-6,8.08e-6,4.560438427
LNPEP,4.356975804,4.823153058,5.316277479,1.48e-5,3.22999999999999e-5,2.847064566
TMEM255B,4.356008778,3.284838818,6.01841859799999,2.4e-6,6.05e-6,4.779364765
SYK,4.35478027,7.797911767,15.78368203,8.6e-15,1.87e-13,23.86647148
LHFPL2,4.351920295,9.061179036,24.13831211,2.9e-19,4.2e-17,34.0761493
ZC3H12D,4.344329445,4.411588494,7.958510997,2.02e-8,7.93e-8,9.408373844
LILRB2,4.342665757,3.639045682,4.07311394699999,3.89371999999999e-4,6.72194e-4,-0.241767796
DENND2D,4.341700151,3.072329214,4.175285843,2.98145e-4,5.2367e-4,0.0796882209999999
SELL,4.340157731,4.61672171199999,5.320813668,1.47e-5,3.2e-5,2.831609238
LILRB3,4.337839377,2.246272098,2.519628612,0.018264537,0.02447074,-3.70574129399999
FGL2,4.336039108,7.016889911,9.546549917,5.81e-10,3.31e-9,12.68820755
LOC374443,4.333093761,3.659407786,5.338294626,1.4e-5,3.07e-5,3.007295547
C1orf112,4.331812721,4.877963386,7.597065219,4.75999999999999e-8,1.73e-7,8.51738409
SASH3,4.330407006,6.853600799,13.59097477,2.75e-13,3.72e-12,20.4143395
LCP2,4.32970235,7.191204114,14.10910696,1.17e-13,1.76e-12,21.26660808
LOC100506178,4.32906253,3.098059738,5.526507622,8.57e-6,1.95e-5,3.535447645
LOC105372397,4.32905932699999,1.94772446,10.51343157,7.84999999999999e-11,5.62e-10,14.65695792
ARID3A,4.32892754899999,5.340796144,12.19644779,3.14e-12,3.23e-11,18.04626198
MYO1F,4.326860123,8.327165206,16.7057847,2.25e-15,6.15e-14,25.20505085
PLCG2,4.320683877,6.957586716,17.99297893,3.82e-16,1.33e-14,26.97975089
FAM129A,4.316620951,5.436747319,6.826757234,3.11e-7,9.42e-7,6.575240045
HIST1H2BF,4.31634485,-0.782038578,4.081005886,3.81435999999999e-4,6.59049e-4,0.118552065
CSF3R,4.313117976,8.988155393,16.45844794,3.2e-15,8.17e-14,24.84766562
NLRP3,4.309876016,6.89022833799999,14.24344968,9.4e-14,1.44e-12,21.49689913
ARHGAP30,4.30932326199999,6.947286386,17.42881632,8.19e-16,2.58e-14,26.22347017
CARD9,4.308985583,5.945899597,12.16369151,3.34e-12,3.39e-11,17.96395842
TRIM22,4.303328247,8.041729902,14.17091388,1.06e-13,1.61e-12,21.33560555
SOAT1,4.302130137,7.24758212899999,18.99047695,1.04e-16,4.27999999999999e-15,28.26718663
CHEK2,4.298396252,3.005723693,9.63870093,4.78e-10,2.78e-9,13.07346129
DSC2,4.295192535,4.944786548,8.284722599,9.49999999999999e-9,4.03e-8,10.12404173
ZNF217,4.293166192,6.418200307,16.33889876,3.81e-15,9.46e-14,24.69319717
PPP4R1L,4.29237184,2.55006155599999,8.119778291,1.38999999999999e-8,5.65e-8,9.813247297
HK2,4.289845466,7.542091252,15.35402903,1.64e-14,3.28999999999999e-13,23.22207758
P2RY13,4.281206205,8.348610079,13.02466968,7.22999999999999e-13,8.75e-12,19.3852054999999
LOC102724163,4.28057672,0.45674187,5.884102966,3.39e-6,8.3e-6,4.534492202
ADAMTSL4,4.280145031,5.17933086,9.01207681,1.85e-9,9.27e-9,11.73542598
CD53,4.279463485,8.453346593,18.11256655,3.25999999999999e-16,1.15e-14,27.13788059
RNASEH2B-AS1,4.277501179,1.242028079,6.067181268,2.12e-6,5.39e-6,4.97902435
LOC101927865,4.269872611,0.377735517,4.660907993,8.32e-5,1.59336e-4,1.51163471
HCK,4.268549116,6.97434685,16.39664921,3.5e-15,8.83e-14,24.77966438
OLR1,4.263775696,9.155004394,12.39798604,2.18e-12,2.34e-11,18.26132104
STEAP3,4.263245113,4.770373729,5.305831454,1.53e-5,3.32e-5,2.800033643
CARD14,4.258663594,4.04869008399999,4.357089713,1.85102e-4,3.36256999999999e-4,0.461646025
NLRC4,4.258561318,3.927335088,9.035704101,1.76e-9,8.84e-9,11.83020294
RNASE6,4.25612986,5.74491837,8.747092956,3.32999999999999e-9,1.58e-8,11.06037963
LIPG,4.25447273,3.589204895,2.387891804,0.024542094,0.032266415,-4.122087363
ADAP2,4.252908957,7.33285595299999,16.55864178,2.77e-15,7.26e-14,25.00731983
IL1B,4.250880916,6.76901263,5.24771405,1.78e-5,3.82e-5,2.256875912
CC2D2B,4.243749602,2.628571483,6.277727257,1.24e-6,3.3e-6,5.462243419
CABP4,4.237827027,3.17740191199999,9.415808684,7.68999999999999e-10,4.26e-9,12.62704086
DISP1,4.236914182,5.894263356,11.56286548,1.02e-11,9.15e-11,16.86026972
WNT5A,4.236543082,6.149154366,7.812386167,2.85e-8,1.08e-7,8.87171294
TRPM2-AS,4.23541283,2.629401424,6.352396172,1.02e-6,2.78e-6,5.643006689
TYMP,4.234940458,6.002183481,4.46249793899999,1.40306e-4,2.59947e-4,0.324814142
ZBTB37,4.231535237,2.7134068,3.771783465,8.50868e-4,0.001389536,-0.882725688
LOC102724360,4.230915433,2.441209659,5.753862807,4.75e-6,1.13e-5,4.163863997
TNFRSF1B,4.23078608,8.305840753,15.86936933,7.57e-15,1.67e-13,23.9846581
IRF8,4.227222843,7.831889319,15.01322046,2.78e-14,5.16e-13,22.68551713
PTPN6,4.224084926,7.054734763,13.54141658,2.99e-13,3.99e-12,20.31679016
CYP2S1,4.223811785,2.872197876,7.114393398,1.53e-7,4.96e-7,7.48203884899999
LAT2,4.220603626,7.481114953,14.82139038,3.74e-14,6.63e-13,22.39230025
ARHGAP9,4.219564714,6.314144722,13.58337585,2.78999999999999e-13,3.75e-12,20.42274116
OSCAR,4.219244574,4.628127162,6.290591574,1.2e-6,3.21e-6,5.320519375
KCNE3,4.218974264,4.86020944199999,10.70945049,5.31e-11,4e-10,15.26097903
CX3CR1,4.215826266,10.17298748,9.770461098,3.62e-10,2.17e-9,13.10306758
FAM105A,4.215312526,7.31393126,16.38815159,3.54e-15,8.9e-14,24.76239526
TBX19,4.212359358,2.762842435,8.930473791,2.21e-9,1.09e-8,11.58228709
RPL23AP64,4.211436645,2.603325273,5.055525848,2.94e-5,6.07e-5,2.372022284
ST14,4.207317259,3.123881253,3.205977683,0.003564274,0.00526889,-2.292519665
RNVU1-4,4.205745179,-1.068977782,5.691027022,5.59e-6,1.31e-5,4.051208723
LOC105371414,4.204951009,3.088479035,4.42124305,1.56385e-4,2.87144e-4,0.721676014
SP100,4.202995652,6.805899446,17.11042305,1.27e-15,3.76e-14,25.78621825
LILRA4,4.202422519,4.645401402,4.102344737,3.60770999999999e-4,6.26776e-4,-0.324957251
TIFA,4.201312412,3.792416975,4.166252282,3.05276e-4,5.35276e-4,-0.021571412
SFMBT2,4.198488514,8.700769134,16.40863364,3.44e-15,8.69e-14,24.77538811
KCNQ1,4.19709255699999,5.78953701299999,11.84480795,5.99999999999999e-12,5.70999999999999e-11,17.38806294
PSORS1C3,4.195518609,-0.069742561,3.065994235,0.005029194,0.007288154,-2.300027454
CYTL1,4.19493724699999,3.469410101,3.826729652,7.38378e-4,0.001219428,-0.848871725
LINC01141,4.192495293,5.64433277299999,8.741056093,3.37999999999999e-9,1.59e-8,11.07076291
GALNT4,4.191298472,4.954904743,8.90768057899999,2.33e-9,1.14e-8,11.50724895
TMEM119,4.184194315,8.63637551,13.45155158,3.48e-13,4.57e-12,20.11880634
RNVU1-20,4.182514545,-1.091345842,5.35591048,1.34e-5,2.94e-5,3.23914069899999
ZNF600,4.178567794,3.031963287,7.921331789,2.21e-8,8.57e-8,9.363446155
C19orf38,4.176670698,4.047559288,8.4588993,6.38e-9,2.81999999999999e-8,10.55477697
ATP7A,4.174628596,5.76226947799999,13.27002098,4.74e-13,6.01e-12,19.91510926
IL2RG,4.169399132,3.044285516,7.344130062,8.74e-8,2.98e-7,8.017785982
LINC00921,4.166654255,2.48163702699999,4.932958869,4.06e-5,8.18e-5,2.077273614
LRRC37A6P,4.162066376,5.574453462,8.045212484,1.65e-8,6.61e-8,9.488359196
GSN-AS1,4.159783687,5.576649463,6.234274932,1.38e-6,3.65e-6,4.986405584
IL4I1,4.15612525,3.510570283,3.775855097,8.41985e-4,0.001376527,-0.982246370999999
RTTN,4.153074967,6.501582254,7.756790798,3.25e-8,1.21999999999999e-7,8.642927987
CARD6,4.150326413,4.296664376,10.61160489,6.45e-11,4.73e-10,15.06700766
NCF1C,4.149517832,1.64865903699999,7.41835416,7.29999999999999e-8,2.53e-7,8.204121589
GLUD1P3,4.149348539,2.179528697,6.88189431299999,2.71e-7,8.32e-7,6.943433452
ITPRIPL1,4.144075459,2.083549024,6.229917001,1.4e-6,3.68e-6,5.355997539
LINC00865,4.141228812,5.106613183,7.721247288,3.54e-8,1.32e-7,8.78822146
LOC101927051,4.139629633,4.631630959,10.57748555,6.91e-11,5.01e-10,15.00242814
DOK3,4.135454307,5.719468122,9.745617582,3.81e-10,2.28e-9,13.24457077
ALOX5AP,4.131813566,6.929673845,10.79787858,4.45e-11,3.42e-10,15.26492728
RREB1,4.129777429,6.72387090799999,17.80492963,4.91e-16,1.66e-14,26.72258877
DEF6,4.123000958,6.559292496,13.92193344,1.59e-13,2.32e-12,20.97176704
HFE,4.11815586,3.50125250399999,8.840972253,2.7e-9,1.31e-8,11.41085372
NLRP1,4.109001702,7.243298327,9.380107997,8.3e-10,4.57e-9,12.28312512
SERPINB9,4.10571676399999,8.601311008,15.30957886,1.76e-14,3.48999999999999e-13,23.13345423
MAP4K1,4.102259266,4.719345832,13.22070041,5.16e-13,6.49999999999999e-12,19.78701686
EDA2R,4.098193388,2.083943336,3.110348093,0.004511784,0.0065841,-2.415880266
NCK1-AS1,4.096571387,3.480852196,6.598092412,5.5e-7,1.58e-6,6.188518775
SLC16A3,4.095996769,7.315645182,10.5047541,7.99e-11,5.71e-10,14.65222383
GAL3ST4,4.088815295,7.990403374,13.81526549,1.88999999999999e-13,2.68999999999999e-12,20.7428988999999
IGF2BP3,4.088359421,2.808123044,4.458098731,1.41939e-4,2.62814e-4,0.820958484
KYNU,4.088284902,1.54871993,3.149118024,0.004101648,0.006019143,-2.252188361
FLJ32255,4.081851285,3.002868655,8.20824717899999,1.12999999999999e-8,4.73e-8,10.01450257
DPYS,4.08162400899999,2.398637957,3.086772518,0.004780104,0.006948462,-2.47992342699999
CASP1,4.079649296,5.273296756,9.239844222,1.11999999999999e-9,5.97e-9,12.19381075
ABI3,4.078429107,6.261867366,11.00638575,2.96e-11,2.39e-10,15.73077859
C5AR1,4.075672442,6.594949047,7.19959252,1.24e-7,4.1e-7,7.28691362299999
LYZ,4.07099517699999,4.541472514,2.532498641,0.017738528,0.023784127,-4.04247178
CCL20,4.069935731,0.612438211,3.60373396699999,0.00130953,0.002070557,-1.107944117
PUS10,4.06989076,3.885084857,6.726425256,3.98999999999999e-7,1.18e-6,6.489072051
OXER1,4.06428212899999,3.573904335,7.841154909,2.67e-8,1.01999999999999e-7,9.166576164
TREM2,4.062999775,7.481996386,9.206556099,1.21e-9,6.37e-9,11.87729608
SAMD9L,4.062290008,6.599432081,8.156672982,1.28e-8,5.23e-8,9.573291119
CFLAR-AS1,4.062090981,2.494081198,6.68340518,4.44e-7,1.3e-6,6.452936347
IRAK2,4.05993349,5.616215003,5.343337368,1.38e-5,3.02999999999999e-5,2.704995892
RCN3,4.05713384,6.237723393,12.58503941,1.56e-12,1.73e-11,18.70306131
FOLR2,4.052316662,6.930066966,8.97362094799999,2.01e-9,1e-8,11.41653013
DTX2P1-UPK3BP1-PMS2P11,4.05165069,1.85463817199999,6.689756391,4.37e-7,1.29e-6,6.48250231399999
WNT2B,4.04822895899999,4.129569215,4.714867119,7.21999999999999e-5,1.39612e-4,1.347196047
HCLS1,4.045929206,7.82577549299999,12.27266086,2.74e-12,2.87e-11,18.0407607
HLA-DMA,4.045871355,6.430406182,5.20102807,2.01e-5,4.29e-5,2.161853514
HTR2B,4.045587598,1.518061339,2.620522479,0.014501202,0.019698869,-3.417884098
STX11,4.044964311,3.499306854,4.411625405,1.60388999999999e-4,2.94055e-4,0.614258524
HPGDS,4.037167996,4.805461941,8.443735245,6.6e-9,2.92e-8,10.46287142
PPP1R3B,4.036556108,4.401454085,5.887266151,3.36e-6,8.24e-6,4.322155587
LOC100131626,4.03617550899999,1.501421419,7.180374555,1.3e-7,4.27999999999999e-7,7.64527562899999
SPP1,4.032126391,11.47866669,9.467808739,6.88e-10,3.86e-9,12.51764026
MYOF,4.0286630039999896,6.458294746,16.81511783,1.93e-15,5.36e-14,25.3729792
DDI2,4.028416044,3.961719868,5.363689494,1.31e-5,2.88999999999999e-5,3.027036499
B4GALT1,4.02776595399999,7.675059961,16.50163669,3.01e-15,7.76e-14,24.91704003
LOC101928126,4.02751319899999,1.294416448,5.575422193,7.54e-6,1.73e-5,3.75501070399999
FERMT3,4.023421624,6.759565068,11.73454603,7.37e-12,6.87e-11,17.09461918
LILRA6,4.019938647,1.203772929,2.811377844,0.00928174,0.012971028,-2.98848226699999
IER3,4.018493443,7.584490154,9.606996502,5.11e-10,2.97e-9,12.74341481
LOC101928020,4.011648484,2.014219285,5.65053996899999,6.21e-6,1.44999999999999e-5,3.911013778
LTB4R2,4.011557878,2.681430544,6.743796885,3.82e-7,1.14e-6,6.59279613
PDE3B,4.008013285,6.78366487399999,11.40077307,1.38e-11,1.21e-10,16.47047491
ST6GAL1,4.006381645,10.10128172,23.24858832,7.34999999999999e-19,8.69e-17,33.14941408
ZNF141,4.00400301399999,2.41142671,5.18673231,2.09e-5,4.42999999999999e-5,2.708719349
TMIGD3,4.003858325,7.539839195,10.8356451999999,4.13e-11,3.2e-10,15.29795741
TMEM52B,4.000104554,4.871313507,8.772424399,3.15e-9,1.5e-8,11.19235087
PLAC8,3.999393913,1.148285795,3.914461387,5.8834e-4,9.87282e-4,-0.410679747999999
ZNF888,3.998724185,2.6192804180000002,7.16610343799999,1.35e-7,4.42e-7,7.60874675399999
CD58,3.997002768,4.007306519,8.150772667,1.29e-8,5.3e-8,9.856914516
LY96,3.99591921,3.059942932,6.27900045,1.23e-6,3.29e-6,5.42257255299999
DUSP27,3.995029145,2.790549293,4.264182207,2.36212999999999e-4,4.21816e-4,0.326443632
ITPRIPL2,3.993402948,7.703254294,20.65418347,1.35e-17,8.73e-16,30.29928952
FUT4,3.991419433,5.232341943,11.22055189,1.95e-11,1.64e-10,16.23606086
ENTPD1-AS1,3.987704503,3.322385937,10.44320391,9.05e-11,6.38e-10,14.70871055
MX2,3.987462123,4.80626011,3.24824881399999,0.003209371,0.00477697299999999,-2.492466061
CLCN5,3.986389745,5.975854141,9.363363974,8.60999999999999e-10,4.71e-9,12.39041767
PAG1,3.98327913,8.348797255,18.50990783,1.93e-16,7.35e-15,27.65871114
SFXN2,3.981821018,5.021946351,12.02858764,4.26999999999999e-12,4.22e-11,17.74363047
MERTK,3.979172266,8.79230766399999,14.80139524,3.86e-14,6.77999999999999e-13,22.33913322
LOC102724050,3.977898738,1.088017324,6.628961449,5.09e-7,1.48e-6,6.339615625
SPNS3,3.976173748,4.6688191,4.869519973,4.8e-5,9.55999999999999e-5,1.619213385
LRMP,3.97558103399999,6.307153011,15.75449082,8.99e-15,1.93e-13,23.84533459
HIST1H2AE,3.97257473,1.117153295,3.953533774,5.31591e-4,8.97191e-4,-0.304657212
IFI16,3.970794446,7.62098207,16.5358419,2.87e-15,7.42e-14,24.96547347
TTF2,3.96828325399999,4.27964835,9.937406875,2.55e-10,1.59e-9,13.7175622
APOBEC3G,3.963923263,3.964809577,9.071011215,1.63e-9,8.26e-9,11.90031822
ARHGAP27,3.96318476,7.963323677,23.63112494,4.91e-19,6.42e-17,33.55950854
KCNMB1,3.96209375399999,3.948663502,7.371390001,8.17999999999999e-8,2.81e-7,8.035376925
LOC102724265,3.961690382,4.148021429,3.98838406199999,4.85546e-4,8.25481e-4,-0.552650709
HIST1H2AD,3.959249218,-0.343368677,3.819528588,7.52243999999999e-4,0.001240497,-0.538182099
RNU5A-1,3.95604807699999,-1.469838641,4.568502356,1.06147999999999e-4,1.99974e-4,1.313103428
TNFAIP3,3.953348692,6.604487982,9.15274792,1.36e-9,7.04999999999999e-9,11.84964214
TNFRSF10D,3.947176677,5.425819838,7.340039364,8.83e-8,3e-7,7.803522926
P2RY12,3.94483703199999,10.15937892,13.71189938,2.25e-13,3.12999999999999e-12,20.58241033
CARD8-AS1,3.944584861,2.808098346,9.837426205,3.13999999999999e-10,1.92e-9,13.48075741
GNGT2,3.944033252,2.103698274,9.88915903899999,2.82e-10,1.73999999999999e-9,13.5277620999999
IFNGR1,3.929921941,9.543514606,13.77484652,2.03e-13,2.86e-12,20.67364181
KBTBD8,3.925037635,4.494179096,4.823919651,5.42e-5,1.06779e-4,1.548689847
HK3,3.923514435,3.584760621,3.65848440899999,0.00113842,0.00181952,-1.305363478
SOWAHD,3.92065685399999,2.827007901,5.23705223,1.83e-5,3.92e-5,2.78851709699999
LCP1,3.919794959,8.154673486,13.79219755,1.96999999999999e-13,2.79e-12,20.69560556
POC1B-GALNT4,3.918149311,5.021362767,8.85521207299999,2.62e-9,1.27e-8,11.36454127
INPP5D,3.91282023,9.048123978,16.23148345,4.45e-15,1.08e-13,24.51626306
ODF3B,3.909943255,3.69219805199999,2.77535128399999,0.010106649,0.014040881,-3.40388884199999
ZFHX3,3.90863098,8.385316932,15.51857607,1.28e-14,2.63e-13,23.45176454
HLA-DQA1,3.90336429399999,4.138991399,2.426422805,0.022526476,0.029788316,-4.21558773199999
NFKBID,3.895923742,6.298570268,5.445555021,1.06e-5,2.37e-5,2.814290791
SUMO4,3.8941616,1.024893877,7.06423512799999,1.73e-7,5.55e-7,7.368060257
HIST1H4E,3.88947847899999,0.811194784,3.594102861,0.001342122,0.002118126,-1.164025152
FYB,3.889369211,8.521792117,13.8878079999999,1.68e-13,2.42e-12,20.85203729
C10orf128,3.886019881,5.255762068,7.629374029,4.4e-8,1.61e-7,8.487737085
PLAU,3.88302071899999,4.307321687,3.070084873,0.004979194,0.007219948,-2.801969428
IL17RA,3.882143061,8.557370471,21.27528114,6.53e-18,4.92999999999999e-16,31.02287666
APBB1IP,3.88093342,8.557258707,14.15244169,1.09e-13,1.65e-12,21.28998714
MYC,3.880558138,5.203803823,5.054370816,2.95e-5,6.08999999999999e-5,2.057097471
GIMAP8,3.88043485899999,6.49360640399999,8.418439668,6.99e-9,3.07e-8,10.18880497
CD1D,3.879394853,1.765909116,3.480504947,0.00179152399999999,0.00277468599999999,-1.529032633
PCED1B,3.879015053,5.304775481,9.485713466,6.62e-10,3.73e-9,12.70249267
CASP8,3.87636953899999,4.790089123,11.44393817,1.26999999999999e-11,1.12e-10,16.66675643
TGFBR2,3.873716965,8.5696169,15.64900383,1.05e-14,2.21e-13,23.64847729
POMK,3.87362491,3.162075347,4.195213468,2.82995e-4,4.98553e-4,0.08868938
SUSD6,3.873420016,8.659975509,17.77567535,5.11e-16,1.7e-14,26.68526609
IL15RA,3.869447834,2.952302751,5.992624356,2.56e-6,6.41e-6,4.706837593
MR1,3.86755584,5.643530769,11.16660064,2.17e-11,1.81e-10,16.09440476
LRRK1,3.866968311,7.617882145,14.64810017,4.92e-14,8.37e-13,22.10729727
TMEM86A,3.85594766699999,6.268493892,8.575496162,4.9e-9,2.23e-8,10.5722548
HACD4,3.855175676,5.038952773,6.80200728299999,3.3e-7,9.95999999999999e-7,6.513908852
MLKL,3.841465878,4.908375913,6.535482965,6.44e-7,1.82e-6,5.856530671
PLK3,3.840232742,6.580024227,9.228654047,1.15e-9,6.1e-9,11.98843652
RUBCNL,3.838899296,6.301446415,11.11549581,2.38999999999999e-11,1.97e-10,15.94252888
CD83,3.838246958,7.816588395,7.720848048,3.54e-8,1.32e-7,8.42082003
HLA-DRB6,3.832238194,4.912972551,2.641068673,0.013829361,0.018850836,-3.946724665
IL13RA1,3.822249902,8.60687259799999,13.79054142,1.96999999999999e-13,2.79e-12,20.68877099
ELF1,3.817932732,7.13595081,15.9613565999999,6.61e-15,1.48e-13,24.13403709
ZNF460,3.81610752699999,4.298156737,3.38933522,0.002255115,0.00343687099999999,-2.056073493
GPR160,3.813420375,3.346426041,7.235659864,1.14e-7,3.79e-7,7.744377831
UNC93B1,3.812573796,7.331333896,14.21648633,9.82e-14,1.51e-12,21.41522322
JAK2,3.81155918,6.444915986,19.55143081,5.13e-17,2.37e-15,28.93919858
DPP4,3.80865008,2.816162554,3.010546191,0.005756108,0.008268525,-2.739738718
OLFML3,3.807405694,8.061540384,13.9185903,1.6e-13,2.33e-12,20.90572378
LYL1,3.80544207,6.120429134,9.584995827,5.36e-10,3.08e-9,12.79907771
HLA-DPA1,3.80348344199999,7.95770865,5.273768344,1.66e-5,3.59e-5,2.207720824
MRC2,3.800670512,7.88176758299999,13.89697095,1.66e-13,2.4e-12,20.87358855
ANG,3.797145598,1.685010209,5.65682326899999,6.1e-6,1.42e-5,3.940923248
FKBP5,3.792205275,7.17965965899999,3.444314913,0.001963257,0.003020509,-2.421476727
CD68,3.791739254,8.740198453,12.38518451,2.24e-12,2.38999999999999e-11,18.23075427
ACRBP,3.790007718,2.80702795,5.080196477,2.76e-5,5.73e-5,2.379581655
TLDC2,3.788696059,4.947889908,8.19031301,1.18e-8,4.9e-8,9.86389628399999
ERAP2,3.788305827,4.892690245,5.774984698,4.49e-6,1.07e-5,3.923000687
GIMAP2,3.785901644,4.660776578,8.036088134,1.69e-8,6.73e-8,9.519761584
GMIP,3.785233258,7.441416376,17.9827531,3.87e-16,1.35e-14,26.96745778
UBR5-AS1,3.784510347,2.00386852,3.662431776,0.001126965,0.001802617,-1.103249914
DENND3,3.782505041,9.024154002,20.64468778,1.36e-17,8.77e-16,30.29363254
CD4,3.78167494,8.819857208,17.80884764,4.89e-16,1.66e-14,26.72995182
APOBEC3F,3.78102576899999,3.53879393399999,6.998662645,2.03e-7,6.38999999999999e-7,7.14954710899999
HAMP,3.775724733,3.706083741,2.725583808,0.011360293,0.01567983,-3.505767858
ATM,3.77383307399999,8.839059432,15.08842418,2.47e-14,4.66e-13,22.78813793
LIPC,3.769079432,2.094294264,7.047309571,1.8e-7,5.76e-7,7.33332234
TMIGD2,3.763688318,4.558928816,6.58892207799999,5.62999999999999e-7,1.61e-6,6.027349735
FBP1,3.763217074,3.429801326,6.275901567,1.24e-6,3.31e-6,5.375555551
SLC9A7P1,3.76044964199999,2.78598733399999,4.661997935,8.3e-5,1.58904e-4,1.318670242
HLX,3.758140327,4.190480966,5.387740121,1.23e-5,2.72e-5,3.040107955
SLC17A9,3.757976437,4.92728929,7.183060519,1.29e-7,4.26e-7,7.469994271
ANKRD44,3.75675239199999,7.608934896,10.88835883,3.72999999999999e-11,2.92e-10,15.39127407
GBGT1,3.75557403699999,5.261888892,13.4190820999999,3.68e-13,4.8e-12,20.16583396
LINC00539,3.754736559,1.59942845599999,4.818974588,5.48999999999999e-5,1.08075e-4,1.81555277599999
A2M,3.753425899,11.67756434,17.12727081,1.24e-15,3.69e-14,25.80832019
ZNF660,3.752636503,2.2598755,6.071865016,2.09e-6,5.33e-6,4.947522742
DENND1C,3.749135565,6.073014124,14.53907699,5.85e-14,9.66e-13,21.98210094
TAS2R5,3.748994112,1.814601419,4.446528521,1.46325e-4,2.70284e-4,0.872029908
SUSD3,3.74674615899999,5.429412039,7.386531377,7.89e-8,2.72e-7,7.854731901
PYCARD-AS1,3.746596147,2.916469268,6.32163906,1.11e-6,2.98e-6,5.52301735299999
PDCD6IPP2,3.74466489999999,2.206673299,5.067226784,2.84999999999999e-5,5.91e-5,2.413758105
NCMAP,3.743269071,2.565038927,2.627084553,0.014283387,0.019430966,-3.577991237
ZC3H12A,3.74016984699999,3.658431766,8.27607002299999,9.69e-9,4.09999999999999e-8,10.15041309
PALD1,3.738545269,9.432050078,14.48034113,6.42e-14,1.04e-12,21.83213225
APOBEC3C,3.736293082,3.665323856,8.401486031,7.27e-9,3.17e-8,10.42619013
RNU12,3.73555275,-1.438420459,3.510417483,0.001660684,0.002584733,-1.23414614
MMP14,3.73316928899999,6.87166219,12.11498567,3.65e-12,3.67e-11,17.7852635
DLEC1,3.732524605,3.755066059,6.092282729,1.98e-6,5.08e-6,4.888158064
DAB2,3.725259485,7.706105117,9.733253753,3.91e-10,2.33e-9,13.00237495
PROX2,3.72405276899999,3.05165570699999,4.637613768,8.85e-5,1.6858e-4,1.231295003
TCIRG1,3.721222781,7.697494996,15.36022768,1.63e-14,3.25999999999999e-13,23.21410955
IFI30,3.720882078,6.258850382,4.831941844,5.3e-5,1.04767e-4,1.190282085
C1QC,3.72017737199999,9.92237059,12.05753749,4.05e-12,4.03e-11,17.65450555
MGAT4A,3.71819679,8.461336689,20.58476722,1.46e-17,9.19e-16,30.22409868
ZMYND15,3.717915048,5.43353321799999,8.906120791,2.33999999999999e-9,1.14e-8,11.40580892
REEP4,3.715519207,6.26335863399999,11.37061836,1.46e-11,1.27e-10,16.41952119
LOC100130298,3.71303338899999,0.828918322,7.422758504,7.23e-8,2.51e-7,8.196728575
EPSTI1,3.712859403,4.912787309,5.337679048,1.4e-5,3.07e-5,2.76214624899999
FHOD1,3.707540629,7.243561185,12.44245018,2.02e-12,2.18e-11,18.36634246
N4BP2L2-IT2,3.70577617199999,3.53030691899999,6.130781753,1.8e-6,4.65e-6,4.998531051
DZIP1L,3.7055210180000002,2.852376491,6.350940697,1.03e-6,2.79e-6,5.605221393
ZNF816,3.699284108,2.862747035,7.667892016,4.01999999999999e-8,1.48e-7,8.776202232
UBA7,3.699131386,8.257981307,13.89082401,1.67e-13,2.41e-12,20.85536083
DPEP2,3.698082256,3.971361768,3.987047555,4.87236999999999e-4,8.28013e-4,-0.543746052
IL16,3.695833778,6.514670092,9.538062571,5.92e-10,3.36e-9,12.65288528
SIRPB1,3.692886861,3.103943983,3.320833517,0.00267795099999999,0.004036779,-2.080787228
HCG4B,3.689329982,2.49655431699999,6.063978802,2.13e-6,5.43e-6,4.912632976
LINC01094,3.68878059899999,5.992382527,8.321270219,8.73e-9,3.75e-8,9.986105136
LOC100130357,3.688288228,2.889367154,4.577243146,1.03732e-4,1.95573e-4,1.086790703
MYO1G,3.685229744,2.928455378,2.57300553,0.016173293,0.0218066479999999,-3.753398038
RGL3,3.681819828,5.940998416,8.02942604299999,1.72e-8,6.83e-8,9.340552542
LOC283922,3.68061051399999,2.463262171,6.010154307,2.45e-6,6.16e-6,4.776010988
PGM5P2,3.68040847899999,2.277423624,3.955444504,0.00052895800000000005,8.93116e-4,-0.430799051
VNN2,3.679604794,2.05419813,3.304244213,0.002791348,0.004193328,-2.014359089
LAPTM5,3.677320762,10.4252706,15.20262761,2.07e-14,3.97999999999999e-13,22.99165751
TNFSF13B,3.674036322,3.65835558899999,3.503649153,0.00168945,0.002627179,-1.71450209199999
CCDC18,3.673871128,3.202208384,8.048808276,1.63999999999999e-8,6.55999999999999e-8,9.644121582
TMEM173,3.665400848,7.07674072399999,14.27639493,8.91e-14,1.38e-12,21.52068525
KCTD12,3.664302365,10.12744141,17.75412127,5.26e-16,1.74e-14,26.66287137
IKBKE,3.66243998,4.501853031,5.409002071,1.15999999999999e-5,2.59e-5,3.03227745699999
RPS6KA1,3.662300298,7.37419359399999,14.56721306,5.59e-14,9.35e-13,21.97463471
LOC648987,3.660933499,2.175353418,9.43049068,7.45e-10,4.14e-9,12.62778878
SLC4A7,3.659214122,7.793673048,13.60243526,2.7e-13,3.66e-12,20.3789761
CXCL8,3.657122484,5.214199664,3.601001764,0.001318697,0.002084096,-1.70748098699999
ABCA1,3.657096947,7.189796197,8.810959345,2.88999999999999e-9,1.38999999999999e-8,11.00721077
SSH2,3.650489918,8.239644845,12.8615291,9.60999999999999e-13,1.13e-11,19.08544776
FAM46A,3.650183567,4.57888892699999,5.7988467,4.22e-6,1.01999999999999e-5,4.034154948
P3H2,3.649502588,5.40989869799999,9.785393055,3.51e-10,2.12e-9,13.311384
IGSF10,3.649484056,5.986042436,5.94161248299999,2.92e-6,7.23e-6,4.161438792
CEP135,3.647483989,3.915894125,8.134723612,1.34e-8,5.49e-8,9.816990167
LOC102723809,3.64289375,0.876318078,5.11186660399999,2.54e-5,5.31e-5,2.598943849
C1QB,3.635322325,10.03303241,10.82711694,4.2e-11,3.25e-10,15.28841799
N4BP2,3.634553368,4.929869287,6.672491112,4.56e-7,1.34e-6,6.219413873
AGAP5,3.630664633,2.61223734,8.991038741,1.94e-9,9.67e-9,11.72820496
PLEKHM1P1,3.629174416,4.83268864,7.88806454799999,2.39e-8,9.19999999999999e-8,9.170106417
BISPR,3.629003025,3.271233156,6.87957318,2.73e-7,8.35999999999999e-7,6.876154875
ARHGAP15,3.628993439,3.63844821,7.39167650399999,7.79e-8,2.69e-7,8.086102235
CFAP74,3.628095228,4.288395392,3.840048654,7.13388999999999e-4,0.00118165,-0.953047862
ARHGAP4,3.625887158,8.250255042,15.51790591,1.28e-14,2.63e-13,23.4474636
LOC101926963,3.623334473,1.839116716,7.136094755,1.45e-7,4.72999999999999e-7,7.54610404
OAS1,3.621699384,5.683766421,6.91684062,2.48999999999999e-7,7.68e-7,6.646675995
SPTY2D1-AS1,3.62018463,1.970177135,6.902419921,2.58e-7,7.94e-7,6.989988961
CCDC88B,3.61754852899999,7.335475356,15.47523568,1.37e-14,2.78999999999999e-13,23.39517196
LYVE1,3.615782411,6.37453712,4.248613837,2.46053e-4,4.37926e-4,-0.305904729
MKNK1,3.615001405,8.916229619,21.79484681,3.61e-18,3.06999999999999e-16,31.60744927
LOC400043,3.61293007,4.416125708,7.88220770899999,2.41999999999999e-8,9.33e-8,9.175671992
CECR1,3.599725338,8.294238886,16.65634897,2.41e-15,6.51e-14,25.12809218
B4GALT4-AS1,3.597719909,0.437121677999999,6.047562046,2.23e-6,5.65e-6,4.933328008
TNFRSF12A,3.59595176399999,3.369969235,3.723916576,9.62442e-4,0.001556865,-1.135288599
ATP11C,3.59170644399999,5.204135568,8.159321527,1.27e-8,5.20999999999999e-8,9.72592127299999
PTGS2,3.585791897,5.61073462799999,3.709024785,9.99989e-4,0.00161040299999999,-1.57841360699999
WAS,3.58320268399999,6.724862061,11.93284131,5.1e-12,4.92999999999999e-11,17.44199613
BACH1,3.58204357,6.96938334799999,17.303468,9.73e-16,2.99e-14,26.04977895
SGK1,3.58174609,9.431908752,8.741285992,3.37e-9,1.59e-8,10.81387995
STXBP2,3.579439344,6.382675063,15.42406961,1.48e-14,3e-13,23.34325195
ASGR2,3.573289405,2.073387809,4.992288446,3.48e-5,7.08e-5,2.218418544
HSPA1B,3.572615178,9.498939191,7.880539522,2.43e-8,9.35999999999999e-8,8.81285807
RAPGEF6,3.570729815,7.55875729299999,12.29196298,2.64e-12,2.77e-11,18.06938975
FANCD2,3.55912736399999,3.655123098,9.769982744,3.62e-10,2.17e-9,13.37622941
HLX-AS1,3.55724686,1.321112948,5.49841083,9.22e-6,2.08e-5,3.54542844399999
STAMBPL1,3.55680931399999,5.644191835,8.96035522299999,2.07e-9,1.03e-8,11.50023799
PLD4,3.55505967,8.492710274,9.444452872,7.23e-10,4.04e-9,12.35700018
SKIL,3.551905238,8.237816184,13.84357502,1.81e-13,2.6e-12,20.77509204
LPAR2,3.550720191,5.777786323,7.673365319,3.97e-8,1.45999999999999e-7,8.517257301
KLRA1P,3.550063151,2.229471508,5.940648675,2.93e-6,7.24e-6,4.619285742
BCO2,3.547351643,4.310767166,4.553035512,1.1056e-4,2.07713e-4,0.820799550999999
GCNT2,3.546047363,4.47013225699999,10.18085,1.54e-10,1.02e-9,14.20377186
TIMM23B,3.54374480399999,2.877433322,6.93258091,2.39e-7,7.43e-7,7.02553423399999
FOSB,3.542606648,8.890582736,4.68669580699999,7.78e-5,1.49522e-4,0.662754133999999
NPL,3.540575216,6.858449046,8.57163566899999,4.94e-9,2.25e-8,10.47129511
LOC100289580,3.539969298,4.228410351,3.78755778,8.16957e-4,0.001340027,-1.092674339
PLAUR,3.539273937,5.0060623379999996,3.759355578,8.78553999999999e-4,0.00143133,-1.32119695
RNF125,3.536888225,5.418717467,6.03159828,2.32e-6,5.86e-6,4.417026791
CASP4,3.534710296,4.077078256,6.449189532,8e-7,2.23e-6,5.729271036
RNFT1,3.534054143,4.885624439,14.91113801,3.25e-14,5.83999999999999e-13,22.52970855
CYFIP1,3.53358430899999,9.901506011,19.88391452,3.41e-17,1.72e-15,29.38150182
CASP10,3.533426229,5.988836768,13.66857099,2.42e-13,3.31e-12,20.5609109999999
SELPLG,3.532991235,9.401471419,9.416351025,7.67999999999999e-10,4.26e-9,12.31652939
IER5,3.530133151,7.250101357,8.076349344,1.54e-8,6.19e-8,9.291802053
ADPRH,3.528750852,4.755102,13.61141454,2.66e-13,3.60999999999999e-12,20.47702473
LMLN-AS1,3.524610746,0.789498374,6.013637209,2.43e-6,6.12e-6,4.848096342
EML4,3.524599372,7.450947886,19.91258891,3.28999999999999e-17,1.68999999999999e-15,29.41933962
GLIPR1,3.522062937,7.371717845,13.67391689,2.4e-13,3.29e-12,20.50545327
NHLRC2,3.520913512,5.24492691,6.278677145,1.23e-6,3.29e-6,5.129545067
RNVU1-19,3.520196603,-1.315485858,3.03809265399999,0.005383265,0.00776558699999999,-2.314630066
CD93,3.518730051,6.24297964299999,5.184012064,2.1e-5,4.46e-5,2.145650911
RNF149,3.516754112,6.909011427,15.96205147,6.6e-15,1.48e-13,24.13636106
PARP14,3.514423189,8.085157247,10.78465079,4.57e-11,3.49e-10,15.1640982
MAML3,3.511477763,5.63678949,10.846994,4.04e-11,3.13999999999999e-10,15.45543865
SH2B3,3.507853998,8.388641627,19.97081218,3.06e-17,1.63e-15,29.49153268
RNASET2,3.506602966,9.08150219,13.524612,3.07999999999999e-13,4.09e-12,20.24277106
TMPRSS4-AS1,3.506220575,-1.023399054,2.512112335,0.018578381,0.024864148,-3.442640612
USP53,3.50604899699999,7.654667501,8.988465824,1.95e-9,9.72e-9,11.36675727
SLC22A18,3.505325996,4.17688713399999,5.606449817,6.96e-6,1.61e-5,3.575875541
LMNTD2,3.504574334,3.338317648,4.850282943,5.05e-5,1.00129e-4,1.7241626
RNF122,3.503670686,5.112853581,5.708696316,5.34e-6,1.26e-5,3.652647705
TNFRSF10B,3.500474712,6.765748964,13.71231486,2.25e-13,3.12999999999999e-12,20.59682231
KIAA1551,3.498396351,6.810510765,13.49373523,3.24e-13,4.3e-12,20.22162661
NLRC5,3.498310676,5.55241296299999,7.031355581,1.87e-7,5.96e-7,6.946730571
CMTM7,3.493580818,5.286618032,11.14751971,2.25e-11,1.87e-10,16.05505818
ADPGK,3.49317984899999,7.468924166,29.62268728,1.74e-21,8.92e-19,38.99380264
MFSD4B,3.49250655,3.096177686,5.962230095,2.77e-6,6.88e-6,4.608594143
PRDM1,3.48991671399999,5.784854216,8.753714438,3.27999999999999e-9,1.56e-8,11.00963478
ZNF846,3.489167723,5.308829093,5.774563791,4.5e-6,1.08e-5,3.79954045899999
IL1RAP,3.487240866,6.181345247,8.237040158,1.06e-8,4.45e-8,9.772209105
LOC100128108,3.485476699,0.461093541,6.760382196,3.67e-7,1.09e-6,6.64907312
CREB3L2,3.484796002,7.55339300299999,15.20303812,2.07e-14,3.97999999999999e-13,22.96897328
C1orf162,3.48473037899999,4.772679792,5.966790997,2.74e-6,6.81e-6,4.38061189
CXCL16,3.480553305,8.262950647,16.58773446,2.66e-15,7.09e-14,25.02871616
LINC01529,3.479096433,3.856518491,6.048555986,2.22e-6,5.63e-6,4.754104272
RYR1,3.478767665,8.858164321,14.54665927,5.78e-14,9.58e-13,21.93021427
HMOX1,3.475987978,7.36484727799999,9.834669385,3.16e-10,1.93e-9,13.21597063
ZNF100,3.471867311,4.733339343,8.318785818,8.78e-9,3.77e-8,10.16378596
LOC100505549,3.470550538,2.098241189,7.957813947,2.02999999999999e-8,7.94e-8,9.44854963399999
PYGL,3.468605926,6.390278348,9.74703723799999,3.8e-10,2.27e-9,13.11381147
FGD3,3.466038965,6.149178057,13.77250418,2.03e-13,2.86e-12,20.72475951
CLEC2D,3.46205235199999,4.92445626899999,5.660091698,6.05e-6,1.40999999999999e-5,3.59468573
CCDC134,3.460546172,1.884652965,7.389577032,7.83e-8,2.7e-7,8.140957353
CD37,3.458056908,7.213953853,8.16735049,1.24e-8,5.14e-8,9.486114095
ZNF808,3.45705583899999,3.30520901,4.36463102,1.81472e-4,3.30245999999999e-4,0.475559534
CLEC4A,3.456907779,2.960119024,5.584414897,7.37e-6,1.68999999999999e-5,3.64511073899999
HLA-DRB1,3.456824512,7.443797925,4.846924577,5.1e-5,1.00887999999999e-4,1.090837232
NBPF8,3.453333613,3.166468651,8.037555563,1.67999999999999e-8,6.71999999999999e-8,9.61924102299999
PLD1,3.45333097399999,5.955120837,7.545367744,5.38e-8,1.93e-7,8.10524105899999
EP400NL,3.452100416,2.853304793,6.695892286,4.31e-7,1.27e-6,6.44862294299999
ZFP36L2,3.451742611,9.633673847,12.70878774,1.26e-12,1.43e-11,18.83419474
TEP1,3.4485195,7.262786178,17.88145403,4.42999999999999e-16,1.52e-14,26.83113258
SYT6,3.446211012,6.192725066,9.567733553,5.55999999999999e-10,3.18e-9,12.73969739
ZCCHC6,3.44365271899999,6.242100079,12.61547588,1.48e-12,1.65e-11,18.72099313
LOC100129917,3.442806122,2.06645708,4.317078331,2.05607e-4,3.71094e-4,0.493459895
FMO4,3.439667734,2.45061418099999,6.100193212,1.94e-6,4.99e-6,4.989083611
COLGALT1,3.437568919,8.427814874,20.76020126,1.19e-17,7.87e-16,30.43040178
IL4R,3.437457588,6.97398897,10.23544462,1.38e-10,9.23999999999999e-10,14.08511165
STARD5,3.432910541,2.69701298899999,8.89068847299999,2.42e-9,1.18e-8,11.51593082
SORL1,3.429671365,10.79285558,14.07753353,1.23e-13,1.83e-12,21.2142661999999
CEBPA,3.423481752,7.36907463399999,8.620709445,4.42e-9,2.02999999999999e-8,10.53215482
FFAR4,3.416050558,3.945337445,5.419439486,1.13e-5,2.52e-5,3.134165086
BHLHE41,3.415494183,9.655378942,13.17450269,5.58999999999999e-13,6.91e-12,19.65488787
FAM111A,3.413571275,6.449621646,12.59116104,1.55e-12,1.71e-11,18.66368143
SP110,3.413480726,5.708397362,8.99764236299999,1.91e-9,9.55e-9,11.52783336
SERPINF2,3.411790681,3.740943314,5.761118041,4.66e-6,1.11e-5,4.0168155
CNTRL,3.410804195,6.202262061,14.49672372,6.26e-14,1.01999999999999e-12,21.90210578
DHRS9,3.409665905,6.608318726,5.66522584299999,5.97e-6,1.4e-5,3.29198582
ZNF85,3.409432153,3.121214483,8.613278866,4.5e-9,2.06e-8,10.91226694
LRCH3,3.401760134,3.98165049399999,6.47352287,7.52e-7,2.1e-6,5.797721756
KANTR,3.40024733,2.004084115,3.0579147779999998,0.005129364,0.007427194,-2.566182769
FAM212A,3.39848690699999,4.621784529,6.230822385,1.39e-6,3.68e-6,5.110069143
ITGB7,3.396823607,3.57063614,3.55871782199999,0.00146880299999999,0.002307985,-1.605944957
ZNF267,3.393569012,5.319350443,13.18921855,5.45e-13,6.79e-12,19.77501884
NAGA,3.392680866,7.640796439,19.86484801,3.49e-17,1.73999999999999e-15,29.36250015
BTAF1,3.387713135,7.783572312,12.68527189,1.31e-12,1.48e-11,18.77091273
JAK3,3.386652388,6.953073988,7.851885791,2.6e-8,9.96e-8,8.76686718299999
RGS2,3.382828708,6.54655195,7.408877264,7.47e-8,2.58e-7,7.73383896299999
TBC1D2B,3.381699175,6.651318842,17.51997063,7.23e-16,2.29e-14,26.34769475
TMPO-AS1,3.381033321,3.04669677199999,8.690643348,3.78e-9,1.76e-8,11.08099712
LOC101928143,3.380630533,0.744624565999999,5.695626025,5.52e-6,1.3e-5,4.058254312
HLA-DQB1,3.378740236,5.501696268,2.720113842,0.011506664,0.015872952,-3.969238743
SPI1,3.378545902,7.577685492,10.03828104,2.07e-10,1.32e-9,13.63324949
RNF213,3.377798866,9.2980133,11.67813407,8.19e-12,7.54e-11,16.92528038
ASXL2,3.377769027,5.762586511,8.31732290299999,8.80999999999999e-9,3.78e-8,10.00864755
SPPL2A,3.37329624899999,5.209618137,13.21852707,5.18e-13,6.51999999999999e-12,19.82741386
ITIH4-AS1,3.372522465,1.312121656,8.019376645,1.76e-8,6.97e-8,9.570758857
MAF,3.371991698,9.349525112,11.9025513,5.38999999999999e-12,5.18e-11,17.35081225
C1QA,3.371313097,9.184618032,10.37399914,1.03999999999999e-10,7.21e-10,14.34078103
HLA-DRA,3.37088663399999,8.874212765,5.290937115,1.59e-5,3.43999999999999e-5,2.248675704
SLA,3.369320126,7.304244292,8.74188525,3.37e-9,1.59e-8,10.82160234
LY86,3.365768743,6.150464635,8.301677656,9.14e-9,3.91e-8,9.886394876
STAT5A,3.36553343899999,6.025221456,16.43044348,3.32999999999999e-15,8.46e-14,24.82938492
CMTM6,3.364367136,7.376873669,17.51918363,7.24e-16,2.29e-14,26.33916974
LOC100506388,3.363254078,1.855622965,4.40532437699999,1.63068e-4,2.98432999999999e-4,0.72122602
PTPRJ,3.36150706399999,8.685342872,19.37631971,6.39e-17,2.85e-15,28.76087826
RNU5E-1,3.360466888,-1.813726595,3.894617339,6.19405e-4,0.001034753,-0.321346203999999
ZBTB26,3.356058788,2.737486128,7.646611141,4.23e-8,1.55e-7,8.725043241
ZNRF2,3.355354813,6.147924153,13.00175211,7.53e-13,9.09e-12,19.40129545
RASSF10,3.355088245,2.681613481,2.38045835,0.024949493,0.032756528,-4.11465647399999
LTB4R,3.348633938,4.720282455,8.47545293,6.14e-9,2.73e-8,10.50053067
TVP23C,3.345833143,2.11020932199999,4.410361361,1.60923e-4,2.94946e-4,0.715725482999999
TLR4,3.34521293899999,7.424803137,11.50236326,1.13999999999999e-11,1.02e-10,16.58523444
ABHD15,3.335514555,5.80893744799999,10.53686631,7.49e-11,5.4e-10,14.79294526
MSH5,3.334314655,5.089370656,11.47267111,1.20999999999999e-11,1.06999999999999e-10,16.70318916
LRCH1,3.333627841,6.314979964,17.34229751,9.23e-16,2.86e-14,26.10554405
ANXA2R,3.333508852,2.053216866,5.122069811,2.47e-5,5.18e-5,2.533962091
SPATA13,3.33254833899999,8.65111869399999,12.67081129,1.34e-12,1.51e-11,18.74350333
TSSK4,3.32934525,2.212028223,6.007982995,2.46e-6,6.19e-6,4.7757114
FMNL3,3.32570895399999,9.553282406,15.47124327,1.38e-14,2.8e-13,23.38912217
APOC2,3.324774147,6.693691251,5.582808028,7.4e-6,1.7e-5,3.061659693
